{"address":{"0":"777 Brockt Ave","1":"30 Memorial Dr","2":"250 Hartford Avenue","3":"700 Oak Street","4":"66-4 Parkhurst Rd","5":"591 Memorial Dr","6":"55 Brooksby Village Way","7":"137 Tticket Hwy","8":"42 Fairhaven Commons Way","9":"315 Foxon Blvd","10":"164 Danbury Rd","11":"3005 Cranberry Hwy Rt 6 28","12":"450 Highland Ave","13":"137 Teaticket Hwy","14":"337 Rusel St","15":"1775 Washington St","16":"280 Washington Street","17":"777 Brockton Avenue","18":"164 Denbury Rd","19":"337 Russell St","20":"295 Plymoth Strt","21":"280 Wasngton St"},"city":{"0":"Abington","1":"Avon","2":"Bellingham","3":"Brockton","4":"Chelmsford","5":"Chicopee","6":"Danvers","7":"East Falmth","8":"Fairhaven","9":"New Haven","10":"New Milford","11":"Wareham","12":"Salem","13":"East Falmouth","14":"Hadley","15":"Hanover","16":"Hudson","17":"Abington","18":"New Milord","19":"Hadley","20":"Halifax","21":"Hudso"},"state":{"0":"MA","1":"MA","2":"MN","3":"MA","4":"MA","5":"MA","6":"MA","7":"MA","8":"MA","9":"CT","10":"CT","11":"MA","12":"A","13":"MA","14":"MA","15":"MA","16":"MA","17":"MA","18":"CT","19":"MA","20":"MA","21":"MA"},"zip":{"0":2351,"1":2322,"2":2019,"3":2301,"4":1824,"5":1020,"6":1923,"7":2536,"8":2719,"9":6513,"10":6776,"11":2538,"12":1970,"13":2536,"14":1035,"15":2339,"16":1749,"17":2351,"18":6776,"19":1035,"20":2338,"21":1749}}